date,pH,溶解氧,高锰酸盐指数,总磷,总氮,电导率,浊度
2023/1/1 0:00,7.18,10.592,1.551,0.0198,1.614,122.81,15.67
2023/1/1 4:00,7.16,10.509,1.989,0.021,1.639,122.56,15.78
2023/1/1 8:00,7.14,10.477,1.995,0.0194,1.676,122.92,12.27
2023/1/1 12:00,7.26,11.036,2.013,0.0182,1.645,122.93,11.97
2023/1/1 16:00,7.41,11.381,1.797,0.0188,1.595,122.91,13.5
2023/1/1 20:00,7.29,10.926,2.471,0.024,1.595,123.67,18.6
2023/1/2 16:00,7.39,10.994,1.891,0.0206,1.591,120.4,16.17
2023/1/2 20:00,7.27,10.579,2.029,0.0214,1.585,120.71,15.21
2023/1/3 0:00,7.21,10.418,2.029,0.0214,1.585,120.54,14.64
2023/1/3 4:00,7.19,10.317,1.843,0.0213,1.544,119.54,14.51
2023/1/3 8:00,7.18,10.274,2.078,0.0186,1.562,119.5,15.87
2023/1/3 12:00,7.23,10.603,2.02,0.0236,1.543,119.34,16.07
2023/1/3 16:00,7.35,10.888,1.987,0.0238,1.481,118.98,14.68
2023/1/3 20:00,7.22,10.566,1.484,0.0193,1.496,119.38,16.69
2023/1/4 0:00,7.18,10.359,1.484,0.0193,1.496,119.45,14.86
2023/1/4 4:00,7.16,10.322,1.418,0.0193,1.478,118.74,15.18
2023/1/4 8:00,7.16,10.291,1.723,0.019,1.478,119.45,13.81
2023/1/4 12:00,7.27,10.817,1.616,0.0173,1.478,120.07,12.41
2023/1/4 16:00,7.38,11.134,1.774,0.018,1.533,120.32,11.56
2023/1/4 20:00,7.3,10.731,1.715,0.0178,1.5,120.82,14.33
2023/1/5 0:00,7.22,10.56,1.715,0.0178,1.5,120.76,13.34
2023/1/5 4:00,7.21,10.527,1.588,0.0153,1.532,120.78,11.82
2023/1/5 8:00,7.19,10.535,2.041,0.0164,1.532,120.6,12.64
2023/1/5 12:00,7.35,10.96,1.932,0.018,1.496,120.55,11.95
2023/1/5 16:00,7.5,11.196,1.855,0.0163,1.5,120.43,12.47
2023/1/5 20:00,7.34,10.764,1.531,0.0162,1.446,120.32,13.87
2023/1/6 0:00,7.27,10.564,1.544,0.0193,1.431,120.32,13.96
2023/1/6 4:00,7.26,10.551,1.98,0.0193,1.462,119.75,13.99
2023/1/6 8:00,7.21,10.491,1.894,0.0159,1.478,119.56,12.08
2023/1/6 12:00,7.35,10.835,1.559,0.015,1.44,119.1,11.3
2023/1/6 16:00,7.5,10.977,1.704,0.0161,1.449,119.48,13.03
2023/1/6 20:00,7.37,10.677,1.903,0.0154,1.461,120.48,12.7
2023/1/7 0:00,7.29,10.55,2.04,0.0152,1.432,120.01,11.88
2023/1/7 4:00,7.25,10.486,1.228,0.0146,1.416,119.72,12.29
2023/1/7 8:00,7.25,10.507,1.228,0.0147,1.452,119.66,11.78
2023/1/7 12:00,7.39,10.793,2.375,0.0144,1.452,118.3,11.21
2023/1/7 16:00,7.5,10.961,1.875,0.0129,1.422,118.57,11.76
2023/1/7 20:00,7.37,10.651,1.661,0.0146,1.422,118.68,12.57
2023/1/8 0:00,7.3,10.475,1.82,0.0141,1.4,118.28,12.89
2023/1/8 4:00,7.27,10.456,1.513,0.0157,1.402,118.4,12.59
2023/1/8 8:00,7.26,10.483,1.682,0.0154,1.402,118.47,14.21
2023/1/8 12:00,7.38,10.733,1.421,0.0138,1.371,118.47,12.95
2023/1/8 16:00,7.5,10.867,1.46,0.0155,1.371,118.57,14.19
2023/1/8 20:00,7.36,10.44,1.487,0.017,1.387,119.59,14.45
2023/1/9 0:00,7.29,10.334,1.417,0.0108,1.373,119.23,12.32
2023/1/9 4:00,7.26,10.219,1.563,0.0188,1.373,118.8,19.4
2023/1/9 8:00,7.24,10.185,1.654,0.0163,1.373,117.34,13.81
2023/1/9 12:00,7.28,10.357,1.476,0.0157,1.373,117.27,13.38
2023/1/9 16:00,7.4,10.631,1.825,0.0153,1.373,117.26,12.08
2023/1/9 20:00,7.28,10.335,1.532,0.0189,1.373,119.04,15.09
2023/1/10 0:00,7.22,10.051,1.403,0.0133,1.277,118.68,13.92
2023/1/10 4:00,7.19,10.015,1.406,0.0157,1.277,117.42,17.58
2023/1/10 8:00,7.17,9.967,2.14,0.016,1.277,117.14,14.71
2023/1/10 12:00,7.36,10.071,1.619,0.0123,1.343,117.32,14.13
2023/1/10 16:00,7.42,10.532,1.776,0.0161,1.309,117.21,13.06
2023/1/10 20:00,7.29,10.251,1.772,0.0214,1.304,117.73,20.66
2023/1/11 0:00,7.22,10.054,1.985,0.0229,1.304,117.9,20.2
2023/1/11 4:00,7.19,9.968,1.815,0.0209,1.304,117.7,16.52
2023/1/11 8:00,7.16,9.92,1.674,0.0198,1.334,118.38,16.69
2023/1/11 12:00,7.3,10.192,2.012,0.023,1.334,118.11,15.61
2023/1/11 16:00,7.34,10.235,2.48,0.0195,1.334,119.12,14.71
2023/1/11 20:00,7.28,10.094,2.018,0.0262,1.334,119.17,15.83
2023/1/12 0:00,7.2,9.876,2.018,0.0262,1.334,118.7,14.18
2023/1/12 4:00,7.18,9.787,2.011,0.0227,1.334,118.81,17.46
2023/1/12 8:00,7.14,9.671,2.023,0.0192,1.305,118.45,13.61
2023/1/12 12:00,7.26,9.952,1.874,0.0186,1.286,118.15,12.33
2023/1/12 16:00,7.34,10.028,2.065,0.0198,1.265,118.06,15.43
2023/1/12 20:00,7.26,9.811,1.971,0.021,1.265,117.51,17.24
2023/1/13 0:00,7.2,9.6,1.971,0.021,1.265,117.62,14.3
2023/1/13 4:00,7.16,9.434,1.932,0.0191,1.26,117.96,13.5
2023/1/13 8:00,7.12,9.291,1.79,0.0201,1.246,116.76,14.34
2023/1/13 12:00,7.2,9.552,1.988,0.0203,1.15,113.23,15.22
2023/1/13 16:00,7.31,9.76,2.093,0.0182,1.214,113.83,14.63
2023/1/13 20:00,7.24,9.505,1.903,0.0224,1.197,115.62,17.01
2023/1/14 0:00,7.18,9.362,1.903,0.0224,1.197,115.77,21.71
2023/1/14 4:00,7.16,9.195,1.795,0.0218,1.179,116.47,17.55
2023/1/14 8:00,7.14,9.162,1.8,0.0243,1.254,117.12,18.63
2023/1/14 12:00,7.19,9.22,2.059,0.0237,1.295,118.69,15.45
2023/1/14 16:00,7.17,9.276,2.168,0.0262,1.926,119.06,21.29
2023/1/14 20:00,7.14,9.214,1.892,0.0258,1.295,119.31,20.15
2023/1/15 0:00,7.15,9.28,1.892,0.0258,1.295,119.71,19.87
2023/1/15 4:00,7.16,9.453,2.267,0.0351,1.3,121.42,21.67
2023/1/15 8:00,7.15,9.454,2.305,0.0374,1.3,122.55,18.83
2023/1/15 12:00,7.17,9.653,2.649,0.038,2.077,123.88,19.35
2023/1/15 16:00,7.21,9.931,2.84,0.0429,2.16,124.92,22.36
2023/1/15 20:00,7.18,9.811,2.804,0.0416,2.16,124.55,18.86
2023/1/16 0:00,7.15,9.776,2.804,0.0416,2.16,125.41,18.16
2023/1/16 4:00,7.15,9.614,2.979,0.0451,2.137,123.88,17.38
2023/1/16 8:00,7.15,9.462,3.14,0.0437,2.137,124.12,15.53
2023/1/16 12:00,7.2,10.155,3.135,0.0452,1.497,122.26,14.95
2023/1/16 16:00,7.26,10.424,2.924,0.0435,1.497,121.83,13.46
2023/1/16 20:00,7.21,10.075,3.077,0.042,1.509,121.44,17.14
2023/1/17 0:00,7.18,10.047,3.077,0.042,1.509,121.07,13.11
2023/1/17 4:00,7.19,9.933,2.914,0.0393,1.498,120.76,13.12
2023/1/17 8:00,7.19,9.844,2.593,0.0349,1.517,121.6,11.92
2023/1/17 12:00,7.23,10.393,3.176,0.0343,1.516,121.88,11.35
2023/1/17 16:00,7.28,10.658,2.651,0.0318,1.516,121.29,10.5
2023/1/17 20:00,7.23,10.171,2.724,0.0323,1.516,121.25,11.59
2023/1/18 0:00,7.22,10.123,2.724,0.0323,1.516,120.74,11.3
2023/1/18 4:00,7.23,10.085,2.384,0.0277,1.482,121.61,13.56
2023/1/18 8:00,7.2,9.915,2.148,0.0286,1.456,122.66,14.11
2023/1/18 12:00,7.24,10.213,2.148,0.0286,1.428,121.94,15.55
2023/1/18 16:00,7.29,10.55,2.23,0.0554,1.419,120.32,15.49
2023/1/18 20:00,7.27,10.407,2.176,0.0561,1.416,121.21,15.81
2023/1/19 0:00,7.25,10.221,2.176,0.0561,1.416,121.54,14.39
2023/1/19 4:00,7.23,9.992,1.955,0.0529,1.398,121.64,17.48
2023/1/19 8:00,7.2,9.787,1.937,0.0495,1.393,121.43,14.91
2023/1/19 12:00,7.27,10.239,1.921,0.0492,1.393,120.19,14.97
2023/1/19 16:00,7.33,10.426,2.286,0.0495,1.407,120.3,13.51
2023/1/19 20:00,7.28,10.145,2.001,0.0534,1.427,121.63,14.96
2023/1/20 0:00,7.26,10.102,2.045,0.0538,1.43,122.9,14.88
2023/1/20 4:00,7.22,9.88,1.944,0.0527,1.434,123.31,14.92
2023/1/20 8:00,7.19,9.751,1.795,0.0488,1.474,123.62,12.85
2023/1/20 12:00,7.32,10.435,2.005,0.0475,1.443,123.16,12.41
2023/1/20 16:00,7.39,10.603,2.145,0.0479,1.47,124.01,12.21
2023/1/20 20:00,7.33,10.318,1.996,0.0494,1.47,124.96,14.78
2023/1/21 0:00,7.29,10.134,2.07,0.0467,1.468,125.63,14.05
2023/1/21 4:00,7.25,9.865,1.967,0.0495,1.468,126.51,12.65
2023/1/21 8:00,7.21,9.697,2.187,0.0451,1.463,125.68,11.56
2023/1/21 12:00,7.34,10.428,1.895,0.0452,1.458,125.06,10.87
2023/1/21 16:00,7.43,10.591,2.026,0.0445,1.434,125.16,10.77
2023/1/21 20:00,7.34,10.258,1.922,0.0461,1.434,125.41,13.8
2023/1/22 0:00,7.29,10.045,1.938,0.0437,1.463,125.9,11.08
2023/1/22 4:00,7.25,9.706,1.964,0.0468,1.463,124.85,13.46
2023/1/22 20:00,7.18,9.488,1.917,0.0468,1.421,121.9,12.21
2023/1/23 0:00,7.16,9.451,1.939,0.0477,1.421,121.98,11.87
2023/1/23 4:00,7.15,9.423,1.842,0.0463,1.453,121.32,13.59
2023/1/23 8:00,7.14,9.3,2.018,0.0483,1.425,120.14,12.49
2023/1/23 12:00,7.15,9.52,2.105,0.0485,1.444,117.91,11.54
2023/1/23 16:00,7.17,9.547,2.012,0.0491,1.444,116.41,12.03
2023/1/23 20:00,7.16,9.491,1.978,0.0509,1.436,115.34,11.92
2023/1/24 0:00,7.15,9.535,1.966,0.0514,1.441,115.54,14.86
2023/1/24 4:00,7.18,9.669,2.038,0.0575,1.4,115.68,15.52
2023/1/24 8:00,7.18,9.656,2.141,0.0505,1.486,114.85,13.36
2023/1/24 12:00,7.27,10.465,1.955,0.051,1.517,115.04,16
2023/1/24 16:00,7.39,10.875,2.062,0.0521,1.506,114.68,12.72
2023/1/24 20:00,7.35,10.601,1.991,0.0522,1.506,115.03,12.14
2023/1/25 0:00,7.31,10.326,2.203,0.0514,1.512,115.75,11.4
2023/1/25 4:00,7.25,9.853,1.884,0.048,1.489,116.73,12.44
2023/1/25 8:00,7.23,9.825,2.243,0.045,1.489,116.74,10.14
2023/1/25 12:00,7.29,10.604,2.123,0.048,1.53,114.85,11.04
2023/1/25 16:00,7.33,10.766,2.141,0.0508,1.53,113.74,11.26
2023/1/25 20:00,7.27,10.534,2.223,0.0501,1.51,113.97,12.1
2023/1/26 0:00,7.25,10.43,2.157,0.0537,1.5,114.82,15.38
2023/1/26 4:00,7.23,10.274,2.241,0.0515,1.489,116.02,12.72
2023/1/26 8:00,7.21,10.112,2.136,0.0492,1.489,116.18,11.17
2023/1/26 12:00,7.29,10.536,2.393,0.0484,1.485,115.25,11.32
2023/1/26 16:00,7.31,10.76,2.208,0.049,1.485,114.77,13.82
2023/1/26 20:00,7.26,10.397,2.244,0.0492,1.438,115.02,12.49
2023/1/27 0:00,7.23,10.289,2.244,0.0492,1.438,115.55,13.86
2023/1/27 4:00,7.2,10.242,2.124,0.0504,1.469,115.77,12.44
2023/1/27 8:00,7.19,10.191,2.328,0.0462,1.488,116.18,10.1
2023/1/27 12:00,7.33,11.03,2.259,0.0456,1.495,115.42,12.19
2023/1/27 16:00,7.44,11.199,2.42,0.0486,1.482,114.43,14.47
2023/1/27 20:00,7.36,10.871,2.248,0.0445,1.493,113.96,13.19
2023/1/28 0:00,7.31,10.689,2.248,0.0445,1.493,113.85,11.61
2023/1/28 4:00,7.26,10.489,2.184,0.0477,1.468,114.47,12.14
2023/1/28 8:00,7.25,10.398,2.661,0.045,1.469,114.36,11.46
2023/1/28 12:00,7.4,11.044,2.199,0.0457,1.505,112.7,12.13
2023/1/28 16:00,7.48,11.23,2.245,0.0527,1.48,111.38,12.86
2023/1/28 20:00,7.4,10.929,2.211,0.0476,1.467,111.53,12.71
2023/1/29 0:00,7.33,10.815,2.211,0.0476,1.467,112.17,13.77
2023/1/29 4:00,7.29,10.565,2.058,0.0471,1.467,112.75,13.59
2023/1/29 8:00,7.26,10.464,2.303,0.0437,1.467,111.49,13.63
2023/1/29 12:00,7.38,11.042,2.173,0.0448,1.403,109.11,14.12
2023/1/29 16:00,7.47,11.243,2.373,0.0439,1.418,107.36,13.7
2023/1/29 20:00,7.42,11.041,2.241,0.0449,1.365,107.68,14.69
2023/1/30 0:00,7.35,10.899,2.241,0.0449,1.365,108.24,16.96
2023/1/30 4:00,7.31,10.624,2.265,0.0458,1.373,108.63,16.47
2023/1/30 8:00,7.26,10.553,2.328,0.0428,1.373,108.42,13.24
2023/1/30 12:00,7.44,11.134,2.294,0.0447,1.363,106.28,14.23
2023/1/30 16:00,7.55,11.22,2.376,0.0432,1.398,105.01,14.44
2023/1/30 20:00,7.45,11.042,2.09,0.0472,1.365,105.61,14.44
2023/1/31 0:00,7.37,10.844,2.09,0.0472,1.365,106.21,12.81
2023/1/31 4:00,7.29,10.591,2.234,0.0434,1.343,106.61,13.9
2023/1/31 8:00,7.28,10.482,2.369,0.0438,1.335,106.47,12.39
2023/1/31 12:00,7.47,11.03,2.281,0.0417,1.322,105.57,13.35
2023/1/31 16:00,7.6,11.203,2.241,0.0397,1.347,103.87,12.59
2023/1/31 20:00,7.54,11.101,2.345,0.0475,1.326,104.29,15.61
2023/2/1 0:00,7.41,10.854,2.345,0.0475,1.326,104.81,14.24
2023/2/1 4:00,7.3,10.542,2.225,0.0486,1.276,105.23,17
2023/2/1 8:00,7.26,10.327,2.405,0.0396,1.302,104.23,13.85
2023/2/1 12:00,7.48,10.788,2.195,0.0398,1.244,102.66,12.88
2023/2/1 16:00,7.62,10.953,2.718,0.04,1.244,102.29,12.19
2023/2/1 20:00,7.4,10.661,2.39,0.0491,1.201,102.55,14.16
2023/2/2 0:00,7.34,10.521,2.39,0.0491,1.201,102.2,12.93
2023/2/2 4:00,7.29,10.446,2.12,0.0448,1.238,102.59,16.63
2023/2/2 8:00,7.22,10.285,2.224,0.0397,1.257,103.27,13.26
2023/2/2 12:00,7.04,10.612,2.354,0.0462,1.262,102.45,21.36
2023/2/2 16:00,7.24,10.816,2.381,0.046,1.239,102.47,12.54
2023/2/2 20:00,7.16,10.627,2.494,0.0473,1.239,102.76,15.1
2023/2/3 0:00,7.07,10.397,2.494,0.0473,1.239,102.43,14
2023/2/3 4:00,7.03,10.379,2.244,0.0457,1.231,102.29,14.08
2023/2/3 8:00,7.01,10.369,2.539,0.0432,1.231,102.27,14.01
2023/2/3 12:00,7.12,10.676,2.257,0.0446,1.255,101.38,13.19
2023/2/5 4:00,6.85,10.146,2.909,0.0689,2.022,104.35,22.31
2023/2/5 8:00,6.77,9.771,3.526,0.0961,2.022,105.48,24.36
2023/2/5 12:00,6.79,9.699,3.688,0.1384,2.739,106.26,25.87
2023/2/5 16:00,6.78,9.644,3.542,0.1241,2.578,102.72,22.91
2023/2/5 20:00,6.73,9.672,3.723,0.1142,2.578,100.77,26.95
2023/2/6 0:00,6.73,9.739,3.723,0.1142,2.578,98.68,26.59
2023/2/6 4:00,6.71,9.757,3.263,0.0983,2.578,97.22,30
2023/2/6 8:00,6.8,9.9,3.434,0.0912,2.578,92.99,35.89
2023/2/6 12:00,6.83,9.975,2.94,0.0809,2.116,94.51,25.34
2023/2/6 16:00,6.85,10.121,3.109,0.0782,2.075,93.66,25.74
2023/2/6 20:00,6.84,10.087,2.822,0.074,2.075,93.48,22.55
2023/2/7 0:00,6.85,10.081,2.822,0.074,2.075,92.41,22.58
2023/2/7 4:00,6.8,9.933,2.856,0.068,1.91,92.26,22.18
2023/2/7 8:00,6.74,9.777,3.276,0.0669,1.93,91.85,22.77
2023/2/7 12:00,6.77,9.849,3.086,0.0784,1.93,92.51,20.96
2023/2/7 16:00,6.79,9.933,3.049,0.0775,2.039,92.21,23.57
2023/2/7 20:00,6.79,9.955,2.954,0.0676,1.92,91.88,21.25
2023/2/8 0:00,6.78,9.887,2.899,0.0681,1.93,91.26,22
2023/2/8 4:00,6.78,9.805,2.965,0.0674,1.93,90.83,20.35
2023/2/8 8:00,6.74,9.796,2.842,0.0621,1.204,89.64,21.8
2023/2/8 12:00,6.8,9.826,2.702,0.056,1.174,89.92,20
2023/2/8 16:00,6.79,9.856,3.112,0.0608,1.204,90,18.56
2023/2/8 20:00,6.82,9.898,2.596,0.0619,1.824,89.94,21.52
2023/2/9 0:00,6.75,9.865,2.742,0.068,1.824,90.37,24.79
2023/2/9 4:00,6.75,9.699,2.979,0.0749,2.064,90.36,29.53
2023/2/9 8:00,6.64,9.539,3.538,0.0905,2.313,89.2,33.64
2023/2/9 12:00,6.67,9.434,3.765,0.113,2.779,91.23,45.73
2023/2/9 16:00,6.58,9.359,3.86,0.121,3.001,90.28,47.64
2023/2/9 20:00,6.57,9.313,3.914,0.1207,3.063,89.77,43.66
2023/2/10 0:00,6.58,9.373,3.739,0.1123,3.063,88.48,43.15
2023/2/10 4:00,6.56,9.267,3.902,0.1147,2.987,87.08,42.24
2023/2/10 8:00,6.61,9.309,3.743,0.0999,2.702,89.8,34.17
2023/2/10 12:00,6.57,9.229,3.836,0.1015,2.809,87.66,35.55
2023/2/10 16:00,6.6,9.359,3.582,0.0948,2.697,89.14,36.04
2023/2/10 20:00,6.56,9.263,3.624,0.0954,2.697,88.7,32.55
2023/2/11 0:00,6.63,9.235,3.284,0.0901,2.61,90.37,29.49
2023/2/11 4:00,6.65,9.286,3.257,0.0859,2.536,90.02,32.29
2023/2/11 8:00,6.59,9.245,3.494,0.0882,2.488,89.41,27.87
2023/2/11 12:00,6.65,9.194,3.493,0.0893,2.488,89.85,26.36
2023/2/11 16:00,6.67,9.201,3.333,0.086,2.498,90.9,28.86
2023/2/11 20:00,6.62,9.146,3.23,0.0899,2.536,90.08,31.7
2023/2/12 0:00,6.63,9.139,3.835,0.09,2.509,89.11,30.57
2023/2/12 4:00,6.62,9.138,3.521,0.0891,2.509,89.41,30.61
2023/2/12 8:00,6.6,9.087,3.573,0.0889,2.546,88.23,28.42
2023/2/12 12:00,6.56,9.03,3.473,0.0908,2.521,89.18,33.31
2023/2/12 16:00,6.56,9.043,3.692,0.0926,2.503,87.72,28.36
2023/2/12 20:00,6.6,9.163,3.572,0.0843,2.439,88.48,29.72
2023/2/13 0:00,6.65,9.19,3.283,0.0842,2.489,88.06,31.88
2023/2/13 4:00,6.66,9.191,3.412,0.0835,2.488,87.83,33.19
2023/2/13 8:00,6.61,9.188,3.593,0.0819,2.38,88.01,27.49
2023/2/13 12:00,6.66,9.271,3.337,0.0811,2.465,87.88,28.01
2023/2/13 16:00,6.66,9.33,3.337,0.0844,2.465,88.48,29.4
2023/2/13 20:00,6.65,9.432,3.122,0.0823,2.484,88.31,32.21
2023/2/14 0:00,6.7,9.436,3.122,0.0823,2.484,87.72,33.22
2023/2/14 4:00,6.68,9.463,3.274,0.0809,2.484,87.18,31.58
2023/2/14 8:00,6.68,9.419,3.348,0.0828,2.528,87.31,30.32
2023/2/14 12:00,6.69,9.526,3.162,0.0829,2.576,87.25,31.77
2023/2/14 16:00,6.7,9.577,2.978,0.0818,2.571,87.18,27.72
2023/2/14 20:00,6.69,9.515,3.004,0.0831,2.571,87.22,30.75
2023/2/15 0:00,6.7,9.527,3.004,0.0831,2.571,87.29,27.86
2023/2/15 4:00,6.67,9.456,3.204,0.0774,2.519,87.06,28.96
2023/2/15 8:00,6.7,9.478,3.399,0.0772,2.401,87.69,28.24
2023/2/15 12:00,6.68,9.551,3.026,0.0752,2.422,87.43,28.4
2023/2/15 16:00,6.71,9.727,2.964,0.0771,2.46,87.52,25.85
2023/2/15 20:00,6.72,9.648,2.918,0.0761,2.418,88.12,26.6
2023/2/16 0:00,6.7,9.521,2.918,0.0761,2.418,88.37,25.15
2023/2/16 4:00,6.69,9.392,3.504,0.0733,2.388,88.25,25.18
2023/2/16 8:00,6.69,9.279,3.14,0.0707,2.388,88.31,26.38
2023/2/16 12:00,6.73,9.493,2.706,0.0663,2.276,88.16,22.59
2023/2/16 16:00,6.77,9.702,2.77,0.0684,2.276,88.26,21.2
2023/2/16 20:00,6.77,9.683,2.648,0.0696,2.238,88.13,24.84
2023/2/17 0:00,6.73,9.527,2.648,0.0696,2.238,88.29,23.72
2023/2/17 4:00,6.73,9.367,2.452,0.07,2.224,88.45,26.26
2023/2/17 8:00,6.73,9.332,2.963,0.0655,2.15,88.57,23.19
2023/2/17 12:00,6.76,9.566,2.655,0.0637,2.145,88.98,20.78
2023/2/17 16:00,6.8,9.773,2.773,0.0634,2.113,88.41,22.97
2023/2/17 20:00,6.78,9.699,2.811,0.0656,2.15,88.5,23.62
2023/2/18 0:00,6.79,9.542,2.811,0.0656,2.15,88.99,25.57
2023/2/18 4:00,6.78,9.343,2.52,0.0631,2.137,89.04,23.41
2023/2/18 8:00,6.74,9.266,2.682,0.0617,2.037,89.06,23.01
2023/2/18 12:00,6.79,9.54,2.528,0.0606,2.037,89.35,21.64
2023/2/18 16:00,6.82,9.739,2.521,0.0594,1.998,88.95,20.87
2023/2/18 20:00,6.83,9.645,2.55,0.0596,2.014,89.78,23.5
2023/2/19 0:00,6.8,9.544,2.55,0.0596,2.014,89.46,23.16
2023/2/19 4:00,6.76,9.236,2.548,0.0612,2.02,90.43,25.59
2023/2/19 8:00,6.73,9.074,2.892,0.0576,1.96,89.89,23.86
2023/2/19 12:00,6.8,9.417,2.543,0.0606,2.009,89.46,24.03
2023/2/19 16:00,6.84,9.679,2.446,0.0571,1.947,89.62,21.32
2023/2/19 20:00,6.8,9.535,2.505,0.0589,1.97,90.3,26.06
2023/2/20 0:00,6.79,9.445,2.505,0.0589,1.97,90.51,23.51
2023/2/20 4:00,6.76,9.353,2.379,0.061,2.001,91.17,26.99
2023/2/20 8:00,6.76,9.358,2.613,0.0527,2.001,90.88,23.77
2023/2/20 12:00,6.88,9.801,2.684,0.0537,1.275,90.66,23.42
2023/2/20 16:00,6.95,10.042,2.54,0.0557,1.278,90.47,21.92
2023/2/20 20:00,6.86,9.711,2.874,0.0572,1.278,90.75,19.78
2023/2/21 0:00,6.89,9.764,2.874,0.0572,1.278,91.5,20.69
2023/2/21 4:00,6.86,9.64,2.362,0.0583,1.943,91.42,20.82
2023/2/21 8:00,6.85,9.555,2.763,0.0532,1.943,91.24,20.82
2023/2/21 12:00,6.96,9.965,2.765,0.0552,1.96,91.23,16.95
2023/2/21 16:00,7.08,10.347,2.826,0.0543,1.96,90.67,18.24
2023/2/21 20:00,7,10.286,2.567,0.0562,1.282,91.54,22.33
2023/2/22 0:00,6.93,10.036,2.567,0.0562,1.282,91.54,20.36
2023/2/22 4:00,6.87,9.784,2.459,0.0568,1.952,92.39,21.24
2023/2/22 8:00,6.86,9.652,2.705,0.0531,1.939,92.33,19.02
2023/2/22 12:00,7,10.119,3.031,0.051,1.939,92.12,17.68
2023/2/22 16:00,7.15,10.508,2.674,0.053,1.224,91.83,17.77
2023/2/22 20:00,7.05,10.318,2.564,0.057,1.224,93.29,20.78
2023/2/23 0:00,6.98,10.074,2.564,0.057,1.224,94.29,19.21
2023/2/23 4:00,6.91,9.826,2.555,0.055,1.224,94.5,19.1
2023/2/23 8:00,6.87,9.628,2.777,0.0495,1.202,95.42,19.16
2023/2/23 12:00,7.06,10.182,2.43,0.0511,1.794,94.35,19.41
2023/2/23 16:00,7.12,10.364,2.752,0.0499,1.845,95.59,19.41
2023/2/23 20:00,7.01,10.074,2.827,0.0582,1.903,97.09,22.46
2023/2/24 0:00,6.96,9.906,2.827,0.0582,1.903,96.46,20.99
2023/2/24 4:00,6.93,9.813,2.589,0.0566,1.88,97.44,21.93
2023/2/24 8:00,6.89,9.609,2.812,0.0534,1.88,96.33,22.55
2023/2/24 12:00,7.01,10.064,2.67,0.0539,1.85,94.67,22.3
2023/2/24 16:00,7.14,10.429,2.632,0.0537,1.854,93.52,21.52
2023/2/24 20:00,7.07,10.305,2.623,0.05,1.854,93.04,21.73
2023/2/25 0:00,7.01,10.177,2.623,0.05,1.854,93.26,21.51
2023/2/25 4:00,6.97,10.045,2.625,0.0524,1.854,93.1,20.8
2023/2/25 8:00,6.95,9.954,2.7,0.0492,1.816,92.75,23.44
2023/2/25 12:00,7.15,10.551,2.678,0.0501,1.816,91.65,23.56
2023/2/25 16:00,7.32,10.946,2.726,0.0501,1.816,91.69,19.21
2023/2/25 20:00,7.17,10.602,2.55,0.0521,1.807,91.3,19.23
2023/2/26 0:00,7.08,10.386,2.55,0.0521,1.807,92.16,26.23
2023/2/26 4:00,6.99,10.102,2.317,0.0548,1.873,93.26,22.74
2023/2/26 8:00,6.99,10.071,2.509,0.0489,1.785,93.07,23.02
2023/2/26 12:00,7.18,10.484,2.613,0.049,1.785,91.57,22.43
2023/2/26 16:00,7.32,10.651,2.656,0.0479,1.724,91.84,17.1
2023/2/26 20:00,7.22,10.588,2.564,0.0491,1.744,91.98,22.11
2023/2/27 0:00,7.1,10.337,2.564,0.0491,1.744,92.8,20.46
2023/2/27 4:00,7.02,10.118,2.387,0.0511,1.699,93.57,23.38
2023/2/27 8:00,7,10.073,2.868,0.0448,1.726,93.59,21.41
2023/2/27 12:00,7.2,10.556,2.56,0.0448,1.707,92.01,17.77
2023/2/27 16:00,7.46,10.857,2.92,0.0455,1.707,92.63,19.45
2023/2/27 20:00,7.32,10.798,2.661,0.0493,1.707,92.19,21.08
2023/2/28 0:00,7.17,10.46,2.661,0.0493,1.707,92.44,21.45
2023/2/28 4:00,7.05,10.2,2.455,0.0494,1.678,93.18,20.96
2023/2/28 8:00,6.97,9.958,2.741,0.0458,1.001,93.46,19.19
2023/2/28 12:00,7.18,10.362,2.462,0.0425,1.648,91.97,21.33
2023/2/28 16:00,7.51,10.817,2.736,0.0464,1.625,91.07,21.04
2023/2/28 20:00,7.3,10.491,3.096,0.0553,1.766,91.68,28.31
2023/3/1 0:00,7.15,10.189,3.096,0.0553,1.766,91.69,18.39
2023/3/1 4:00,7.08,10.061,2.634,0.0485,1.766,92.08,18.2
2023/3/1 8:00,7,9.931,2.929,0.0445,1.587,92.41,19.58
2023/3/1 12:00,7.29,10.344,2.652,0.0451,1.612,91.55,21.44
2023/3/1 16:00,7.4,10.544,2.153,0.0461,1.728,91.26,22.73
2023/3/1 20:00,7.37,10.559,2.209,0.0512,1.733,91.61,25.67
2023/3/2 0:00,7.18,10.205,2.209,0.0512,1.733,91.72,22.99
2023/3/2 4:00,7.05,9.898,1.8,0.051,1.684,92.38,19.59
2023/3/2 8:00,7.04,9.909,2.004,0.0477,1.629,93.44,21.39
2023/3/2 12:00,7.4,10.229,1.893,0.0478,1.629,92.81,23.49
2023/3/2 16:00,7.72,10.329,2.055,0.0489,1.629,92,20.19
2023/3/2 20:00,7.43,10.18,1.912,0.0525,1.713,92.16,23.78
2023/3/3 0:00,7.18,9.936,1.912,0.0525,1.713,92.12,20.03
2023/3/3 4:00,7.09,9.816,1.781,0.0501,1.688,92.71,21.23
2023/3/3 8:00,7.04,9.779,1.872,0.0425,1.001,92.9,20.01
2023/3/3 12:00,7.28,10.13,1.778,0.0439,1.629,92.77,21.93
2023/3/3 16:00,7.53,10.225,1.778,0.0439,1.629,92.38,21.58
2023/3/3 20:00,7.18,9.949,1.884,0.047,1.664,91.85,24.48
2023/3/4 0:00,7.08,9.875,1.77,0.046,1.615,92.41,21.57
2023/3/4 4:00,7.02,9.801,1.596,0.046,1.579,93.32,22.14
2023/3/4 8:00,7,9.864,1.588,0.0419,1.579,93.03,20.37
2023/3/4 12:00,7.31,10.253,1.934,0.0418,0.953,93.43,18.93
2023/3/4 16:00,7.54,10.327,1.81,0.0412,1.564,93.27,20.97
2023/3/4 20:00,7.3,10.168,1.873,0.0437,1.62,92.8,19.12
2023/3/5 0:00,7.21,10.115,1.633,0.0418,0.954,93.29,19.02
2023/3/5 4:00,7.12,9.953,1.947,0.0458,1.561,94.06,22.86
2023/3/5 8:00,7.09,9.958,1.736,0.0434,0.981,94.27,18.18
2023/3/5 12:00,7.4,10.275,1.786,0.0421,0.939,93.59,17.64
2023/3/5 16:00,7.58,10.234,2.131,0.0409,0.957,93.75,19.29
2023/3/5 20:00,7.44,10.133,1.736,0.0428,0.957,92.51,20.73
2023/3/6 0:00,7.29,10.02,2.368,0.0467,1.619,92.86,21.67
2023/3/6 4:00,7.17,9.959,1.933,0.0544,1.689,93.63,23.81
2023/3/6 8:00,7.17,9.919,1.886,0.0421,0.948,94.13,20.58
2023/3/6 12:00,7.51,10.306,1.886,0.042,0.902,93.51,19.51
2023/3/9 8:00,7.5,8.913,2.391,0.0405,0.99,93.92,15.41
2023/3/9 12:00,7.96,9.685,1.935,0.0425,0.959,94.41,16.08
2023/3/9 16:00,8.24,10.172,1.987,0.0413,0.934,95.28,19.89
2023/3/9 20:00,8.02,9.906,1.902,0.0449,0.934,95.26,21.7
2023/3/10 0:00,7.92,9.746,2.284,0.0425,0.916,95.46,19.15
2023/3/10 4:00,7.76,9.51,2.063,0.0508,0.891,94.88,23.01
2023/3/10 8:00,7.69,9.375,1.964,0.0429,0.919,95.26,18.96
2023/3/10 12:00,8.21,10.106,2.087,0.0474,0.875,94.56,24.84
2023/3/10 16:00,8.4,10.146,1.955,0.0429,0.918,95.7,21.5
2023/3/10 20:00,8.29,9.89,2.065,0.0478,0.852,97.73,25.28
2023/3/11 0:00,7.91,9.404,1.91,0.0482,0.84,97.32,23.94
2023/3/11 4:00,7.76,9.204,2.022,0.0495,0.84,95.57,27.3
2023/3/11 8:00,7.63,9.002,1.706,0.041,0.921,95.91,24.59
2023/3/11 12:00,7.72,9.199,1.943,0.0426,0.906,95.57,24.24
2023/3/11 16:00,7.85,9.324,2.223,0.041,0.86,95.09,27.83
2023/3/11 20:00,7.71,9.108,1.871,0.0446,0.906,96.01,31.9
2023/3/12 0:00,7.59,8.748,1.871,0.0446,0.86,96.11,46.61
2023/3/12 8:00,7.49,8.634,2.339,0.0749,1.71,98.09,49.84
2023/3/12 12:00,7.84,9.554,2.009,0.0491,0.903,96,40.78
2023/3/12 16:00,8.13,10.016,2.071,0.0455,0.908,96.78,43.87
2023/3/12 20:00,7.88,9.515,2.113,0.0485,0.906,96.81,52.86
2023/3/13 4:00,7.59,8.794,1.847,0.0452,0.86,97.79,57.97
2023/3/13 8:00,7.58,8.754,1.855,0.0441,0.932,98.65,64.39
2023/3/13 12:00,7.88,9.639,2.043,0.0427,0.877,97.82,20.41
2023/3/13 16:00,8.1,9.871,2.055,0.042,0.89,97.41,21.81
2023/3/13 20:00,7.99,9.793,2.024,0.0418,0.901,97.96,18.53
2023/3/14 0:00,7.76,9.521,2.024,0.0418,0.901,97.91,18.89
2023/3/14 4:00,7.67,9.322,1.736,0.0432,0.884,98.54,18.86
2023/3/14 8:00,7.61,9.192,1.858,0.0412,0.879,98.94,19.08
2023/3/14 12:00,8.01,9.935,1.885,0.0424,0.846,98.55,18.58
2023/3/14 16:00,8.17,9.983,1.874,0.0396,0.853,98.64,19.59
2023/3/14 20:00,8.06,9.655,2.043,0.0482,0.853,99.13,25.95
2023/3/15 0:00,7.79,9.297,1.803,0.0486,0.831,98.75,27.83
2023/3/15 4:00,7.64,8.987,1.85,0.0426,0.835,99.29,24.69
2023/3/15 8:00,7.55,8.67,1.699,0.0392,0.865,99.29,24.2
2023/3/15 12:00,7.79,9.245,1.816,0.0381,0.816,98.58,23.7
2023/3/15 16:00,8.21,9.912,1.743,0.0396,0.813,99.13,27.65
2023/3/15 20:00,8.08,9.457,1.915,0.0419,0.792,98.98,33.11
2023/3/16 0:00,7.81,9.101,1.915,0.0419,0.792,100.46,35.13
2023/3/16 4:00,7.69,8.824,1.917,0.0433,0.775,101.9,38.17
2023/3/16 8:00,7.68,8.681,1.779,0.0385,0.812,100.98,36.9
2023/3/16 12:00,8.25,9.776,1.799,0.0404,0.789,100.15,42.37
2023/3/16 16:00,8.65,10.006,2.399,0.0462,0.818,100.14,20.85
2023/3/16 20:00,8.6,10.307,2.24,0.0467,0.794,99.89,22.89
2023/3/17 0:00,8.08,9.611,2.268,0.0492,0.783,99.8,26.19
2023/3/17 4:00,7.8,9.04,2.187,0.0582,1.4,100.85,31.89
2023/3/17 8:00,7.64,8.559,2.154,0.0464,0.844,99.93,26.96
2023/3/17 12:00,7.77,8.667,2.055,0.0472,0.821,100.59,25.11
2023/3/17 16:00,7.83,9.054,2.412,0.0486,0.803,100.59,29.75
2023/3/17 20:00,7.76,8.876,1.985,0.0455,0.795,102.23,27.9
2023/3/18 0:00,7.62,8.593,1.985,0.0455,0.795,99.4,28.19
2023/3/18 4:00,7.59,8.567,1.957,0.0497,0.848,100.06,29.49
2023/3/18 8:00,7.52,8.363,2.449,0.0514,0.888,100.05,32.1
2023/3/18 12:00,7.58,8.515,2.262,0.0543,0.95,99.67,29.56
2023/3/18 16:00,7.64,8.807,2.455,0.0518,0.926,99.36,28.54
2023/3/18 20:00,7.71,8.892,2.244,0.0528,0.924,99.77,22.98
2023/3/19 0:00,7.63,8.754,2.244,0.0528,0.924,99.73,24.99
2023/3/19 4:00,7.6,8.49,2.176,0.0557,0.883,99.35,24.02
2023/3/19 8:00,7.54,8.336,2.09,0.0529,0.911,99.09,28.36
2023/3/19 12:00,7.6,8.461,2.161,0.0535,0.903,98.88,25.33
2023/3/21 8:00,7.38,7.589,3.126,0.0781,1.944,92.63,33.32
2023/3/21 12:00,7.39,7.87,3.102,0.0776,1.951,92.35,30.65
2023/3/21 16:00,7.46,8.225,3.157,0.0736,1.883,91.89,30.77
2023/3/21 20:00,7.43,7.989,3.212,0.0758,1.898,92.17,29.75
2023/3/22 0:00,7.41,7.837,3.212,0.0758,1.898,93.82,26.39
2023/3/22 4:00,7.37,7.502,2.713,0.0665,1.752,93.68,28.73
2023/3/22 8:00,7.35,7.329,3.452,0.0657,1.696,95.1,26.99
2023/3/22 12:00,7.38,7.496,2.773,0.0659,1.696,95.01,28.7
2023/3/22 16:00,7.41,7.663,2.658,0.0636,1.593,93.12,27.8
2023/3/22 20:00,7.35,7.415,3.02,0.0619,0.978,95.04,26.95
2023/3/23 0:00,7.35,7.302,3.02,0.0619,0.978,95.96,27.88
2023/3/23 4:00,7.35,7.614,2.428,0.0617,1.832,90.81,43.53
2023/3/23 8:00,7.33,7.515,2.226,0.0559,1.601,93.15,32.33
2023/3/23 12:00,7.43,7.92,2.217,0.0541,0.895,95.76,26.35
2023/3/23 16:00,7.45,7.869,2.295,0.0581,1.553,95.55,30.36
2023/3/23 20:00,7.33,7.287,3.368,0.0973,1.99,92.88,34.93
2023/3/24 0:00,7.24,7.564,3.368,0.0973,1.99,86.09,60.17
2023/3/24 4:00,7.21,7.458,4.098,0.118,2.922,80.93,71.13
2023/3/24 8:00,7.29,7.445,3.965,0.1009,2.64,83.93,52.75
2023/3/24 12:00,7.26,7.521,4.095,0.1009,2.64,82.39,61.19
2023/3/24 16:00,7.25,7.598,5.109,0.1187,2.892,78.62,63.72
2023/3/24 20:00,7.26,7.603,4.7,0.1242,3.112,81.22,68.79
2023/3/25 0:00,7.19,7.668,4.7,0.1242,3.112,76.79,78.73
2023/3/25 4:00,7.24,7.684,3.981,0.1082,2.873,83.62,60.82
2023/3/25 8:00,7.25,7.686,3.585,0.0991,2.693,87.53,55.54
2023/3/25 12:00,7.32,7.811,3.359,0.1002,2.693,93.08,54.93
2023/3/25 16:00,7.33,7.941,3.521,0.0971,2.509,91.99,53.17
2023/3/26 4:00,7.3,7.783,3.729,0.1069,2.95,89.81,65.74
2023/3/26 8:00,7.3,7.865,3.885,0.1077,3.083,87.02,66.2
2023/3/26 12:00,7.29,7.878,3.638,0.1159,3.419,85.12,66.03
2023/3/26 16:00,7.16,8.141,4.213,0.111,3.235,83.39,48.38
2023/3/26 20:00,7.11,8.065,3.269,0.1048,3.087,82.25,64.41
2023/3/27 0:00,7.12,7.985,3.269,0.1048,3.087,82.35,39.67
2023/3/27 4:00,7.11,7.878,2.852,0.0941,2.978,81.72,38.95
2023/3/27 8:00,7.08,7.892,3.35,0.0923,2.78,81.44,35.63
2023/3/27 12:00,7.11,7.946,3.35,0.092,2.78,81,37.07
2023/3/27 16:00,7.14,8.073,2.616,0.0878,2.721,81.73,36.18
2023/3/27 20:00,7.22,8.048,2.616,0.0878,2.721,81.95,30.29
2023/3/28 0:00,7.19,7.989,2.701,0.0863,2.668,81.57,29.99
2023/3/28 4:00,7.17,7.935,2.377,0.0858,2.646,81.81,31.71
2023/3/28 8:00,7.2,7.929,3.346,0.0865,2.649,81.46,36.24
2023/3/28 12:00,7.19,8.136,3.346,0.0865,2.649,81.43,36.05
2023/3/30 12:00,7.31,8.202,2.194,0.0835,2.336,81.84,29.14
2023/3/30 16:00,7.25,8.309,2.154,0.0823,2.298,81.66,30.85
2023/3/30 20:00,7.32,8.298,2.152,0.083,2.322,81.3,26.08
2023/3/31 0:00,7.38,8.171,2.152,0.083,2.322,81.11,28.16
2023/3/31 4:00,7.31,8.128,1.879,0.075,2.137,81.57,27.78
2023/3/31 8:00,7.26,8.072,2.034,0.0779,2.099,81.15,28.58
2023/3/31 12:00,7.32,8.17,1.995,0.076,2.03,80.89,25.74
2023/3/31 16:00,7.35,8.222,1.752,0.0699,1.985,80.98,25.41
2023/3/31 20:00,7.36,8.141,1.95,0.071,2.001,80.67,25.4
2023/4/1 4:00,7.28,7.927,2.246,0.0696,1.968,81.28,25.27
2023/4/1 8:00,7.37,7.966,1.707,0.0666,1.924,82.18,26.11
2023/4/1 12:00,7.39,8.177,1.62,0.0665,1.942,82.96,24.4
2023/4/1 16:00,7.55,8.359,2.113,0.0649,1.932,83.23,25.43
2023/4/1 20:00,7.39,8.323,2.224,0.0656,1.915,83.42,24.33
2023/4/2 0:00,7.44,8.081,2.224,0.0656,1.915,83.82,22.11
2023/4/2 4:00,7.37,7.889,1.501,0.0645,1.836,84.01,23.44
2023/4/2 8:00,7.45,7.806,1.515,0.0628,1.82,85.35,23.6
2023/4/2 12:00,7.38,8.139,1.679,0.0659,1.867,85.63,24.45
2023/4/2 16:00,7.44,8.258,1.465,0.0611,1.826,85.9,21.71
2023/4/2 20:00,7.42,8.197,3.677,0.0622,1.829,86.44,22.95
2023/4/3 0:00,7.48,8.056,3.677,0.0622,1.829,85.48,19.74
2023/4/3 4:00,7.41,7.912,3.677,0.0622,1.829,84.28,21.08
2023/4/3 8:00,7.33,7.841,1.444,0.0583,1.793,83.77,22.28
2023/4/3 12:00,7.49,8.151,1.78,0.0625,1.798,84.3,24.63
2023/4/3 16:00,7.36,8.357,1.78,0.0674,1.78,83.62,22.5
2023/4/3 20:00,7.59,8.309,2.709,0.0651,1.799,83.28,21.06
2023/4/4 0:00,7.49,8.075,2.709,0.0651,1.799,83,22.64
2023/4/4 4:00,7.48,8.275,2.523,0.0663,1.798,83.06,21.38
2023/4/4 8:00,7.48,8.169,2.382,0.0685,1.791,83.63,23.29
2023/4/4 12:00,7.45,8.01,2.324,0.0702,1.938,81.34,30.02
2023/4/4 16:00,7.46,7.983,2.365,0.0685,1.76,82.53,24.18
2023/4/4 20:00,7.47,7.931,2.658,0.0722,1.942,82.11,31.14
2023/4/5 0:00,7.51,7.822,2.658,0.0722,1.942,81.56,33.72
2023/4/5 4:00,7.39,7.542,3.211,0.0995,2.372,81.23,39.01
2023/4/5 8:00,7.43,7.564,3.306,0.102,2.372,81.37,46.82
2023/4/5 12:00,7.43,7.501,4.086,0.1202,2.685,79.89,48.75
2023/4/5 16:00,7.39,7.662,4.015,0.1152,2.685,79.74,44.85
2023/4/5 20:00,7.37,7.633,3.723,0.1068,2.656,80.74,38.01
2023/4/6 0:00,7.37,7.499,3.723,0.1068,2.656,79.74,41.33
2023/4/6 4:00,7.36,7.47,3.553,0.101,2.367,80.8,37.37
2023/4/6 8:00,7.38,7.474,3.553,0.101,2.367,80.16,37.68
2023/4/6 20:00,7.49,7.542,4.023,0.1008,2.355,82.28,35.45
2023/4/7 0:00,7.34,7.406,4.023,0.1008,2.355,83.73,37.1
2023/4/7 4:00,7.29,7.33,3.429,0.0989,2.41,82.93,35.38
2023/4/7 8:00,7.33,7.398,3.526,0.1005,2.308,82.63,35.16
2023/4/7 12:00,7.39,7.785,3.44,0.0979,2.392,82.59,36.64
2023/4/7 16:00,7.39,8.062,3.514,0.0935,2.474,81.61,34.29
2023/4/7 20:00,7.42,8.003,3.506,0.0961,2.416,81.15,41.26
2023/4/8 0:00,7.43,7.84,3.506,0.0961,2.416,79.81,37.89
2023/4/8 4:00,7.42,7.659,3.085,0.0916,2.512,79.05,41.09
2023/4/8 8:00,7.35,7.577,3.358,0.0907,2.371,78.28,35.34
2023/4/8 12:00,7.47,7.875,2.962,0.0976,2.447,77.98,39.98
2023/4/8 16:00,7.47,8.038,3.15,0.0881,2.504,77.08,39.66
2023/4/8 20:00,7.43,7.965,2.994,0.0863,2.452,76.57,41.01
2023/4/9 0:00,7.45,7.846,2.994,0.0863,2.452,76.45,38.54
2023/4/9 4:00,7.45,7.629,2.826,0.0878,2.447,76.25,38.68
2023/4/9 8:00,7.37,7.691,2.936,0.0824,2.245,76.16,34.78
2023/4/9 12:00,7.37,7.817,2.758,0.0826,2.263,76.34,36.03
2023/4/9 16:00,7.52,7.952,2.901,0.0809,2.249,76.33,33.21
2023/4/9 20:00,7.44,7.847,2.767,0.0801,2.295,76.68,34.9
2023/4/10 0:00,7.43,7.734,2.767,0.0801,2.295,77,36.36
2023/4/10 4:00,7.41,7.537,2.527,0.0781,2.283,77.45,34.8
2023/4/10 8:00,7.45,7.547,2.577,0.0762,2.135,78.06,32.71
2023/4/10 12:00,7.51,7.841,2.689,0.0772,2.131,78.76,31.25
2023/4/10 16:00,7.47,7.925,2.683,0.0724,2.085,79.78,30.03
2023/4/10 20:00,7.49,7.852,2.329,0.0741,2.06,80.48,29.61
2023/4/11 0:00,7.49,7.665,2.329,0.0741,2.06,80.16,29.02
2023/4/11 4:00,7.51,7.481,2.511,0.0719,2.102,79.79,29.97
2023/4/11 8:00,7.44,7.4,2.396,0.0686,2.004,79.41,28.12
2023/4/11 12:00,7.39,7.609,2.349,0.0717,1.993,79.54,27.48
2023/4/11 16:00,7.51,7.956,2.582,0.0698,1.936,80.21,28.23
2023/4/11 20:00,7.47,7.865,2.475,0.0691,1.995,80.81,27.79
2023/4/12 0:00,7.51,7.763,2.475,0.0691,1.995,79.32,30.92
2023/4/12 4:00,7.45,7.564,2.59,0.0671,2.011,79.94,28.32
2023/4/12 8:00,7.34,7.496,2.453,0.0672,1.952,80.36,29.05
2023/4/12 12:00,7.67,7.944,3.453,0.0759,2.18,80.12,32
2023/4/12 16:00,7.43,8.166,3.322,0.0826,2.321,79.19,30.64
2023/4/12 20:00,7.43,8.076,3.691,0.0859,2.416,79.37,34.58
2023/4/13 0:00,7.37,7.806,3.475,0.0895,2.483,79.27,33.68
2023/4/13 4:00,7.45,7.591,3.306,0.0896,2.373,79.43,32.7
2023/4/13 8:00,7.26,7.513,3.433,0.0862,2.346,80.28,29.34
2023/4/13 12:00,7.38,7.803,3.203,0.0772,2.141,80.91,27.62
2023/4/13 16:00,7.38,8.126,3.109,0.0731,2.141,80.85,26.46
2023/4/13 20:00,7.54,8.139,3.203,0.076,2.019,81.23,26.97
2023/4/14 0:00,7.52,8.17,2.974,0.0849,2.457,81,26.68
2023/4/14 4:00,7.47,7.941,2.946,0.0737,2.016,81.16,26.59
2023/4/14 8:00,7.41,7.873,2.904,0.0698,1.911,82.47,24.63
2023/4/14 12:00,7.51,8.041,2.797,0.0702,1.914,83.26,22.45
2023/4/14 16:00,7.6,8.319,2.815,0.0665,1.826,83.67,23.1
2023/4/14 20:00,7.57,8.22,2.916,0.0666,1.86,83.47,24.89
2023/4/15 0:00,7.44,7.987,2.786,0.0715,1.92,83.39,26.7
2023/4/15 4:00,7.44,7.688,3.071,0.079,2.037,83.78,27.44
2023/4/15 8:00,7.44,7.615,3.078,0.0837,2.087,84.5,27.72
2023/4/15 12:00,7.49,7.772,3.533,0.0866,2.277,84.27,31.12
2023/4/15 16:00,7.41,8.033,3.678,0.0933,2.379,83.66,31.48
2023/4/15 20:00,7.43,7.904,3.707,0.0893,2.289,82.84,27.63
2023/4/16 0:00,7.24,7.613,3.584,0.0936,2.355,82.33,27.32
2023/4/16 4:00,7.32,7.403,3.469,0.0836,2.204,82.22,25.57
2023/4/16 8:00,7.26,7.286,3.536,0.0836,2.268,82.2,28.04
2023/4/16 12:00,7.29,7.663,3.389,0.0828,2.169,81.94,26.29
2023/4/16 16:00,7.31,7.987,3.7,0.0782,2.006,81.11,31.56
2023/4/16 20:00,7.5,8.055,3.406,0.081,2.098,80.8,30.34
2023/4/17 0:00,7.46,8.008,3.602,0.0722,1.936,80.66,26.97
2023/4/17 4:00,7.41,7.449,3.153,0.0736,1.998,81.37,29.37
2023/4/17 8:00,7.39,7.784,3.17,0.0714,1.879,82.65,27.8
2023/4/17 12:00,7.51,8.189,3.291,0.0723,1.879,82.99,27.43
2023/4/17 16:00,7.78,8.866,3.242,0.0726,1.891,83.19,26.94
2023/4/17 20:00,7.75,8.753,3.406,0.0727,1.954,83.47,28.79
2023/4/18 0:00,7.79,8.168,3.546,0.0671,1.184,83.17,26.86
2023/4/18 4:00,7.59,7.565,3.124,0.0692,1.204,83.06,28.38
2023/4/18 8:00,7.52,7.202,3.147,0.0712,1.212,84.09,27.02
2023/4/18 12:00,7.5,7.442,3.07,0.0716,1.21,84.27,26.73
2023/4/18 16:00,7.48,7.532,3.159,0.1184,1.21,79.05,316.29
2023/4/18 20:00,7.53,7.482,2.942,0.0726,2.027,80.29,36.82
2023/4/19 0:00,7.46,7.149,2.942,0.0726,2.027,76.95,71.61
2023/4/19 4:00,7.04,6.273,5.319,0.1618,6.909,69.1,192.41
2023/4/19 8:00,6.93,5.859,5.875,0.1895,7.357,65.23,165.03
2023/4/19 12:00,6.89,5.875,5.385,0.162,6.479,64.95,139.79
2023/4/19 16:00,6.99,6.13,4.938,0.1305,4.959,66.09,101.24
2023/4/19 20:00,7.09,6.325,4.69,0.1139,4.023,67.38,81.49
2023/4/20 0:00,7.02,6.365,4.69,0.1139,4.023,69.96,61.77
2023/4/20 4:00,7.16,6.248,4.047,0.1131,3.045,72.11,56.57
2023/4/20 8:00,7.13,6.16,3.847,0.0973,2.798,74,48.46
2023/4/20 12:00,7.2,6.323,3.779,0.1025,2.933,75.77,50.64
2023/4/20 16:00,7.18,6.46,3.898,0.103,3.125,76.85,51.09
2023/4/20 20:00,7.12,6.243,4.215,0.1067,3.726,76.27,71.42
2023/4/21 0:00,7.1,6.111,4.104,0.1061,3.808,75.35,68.91
2023/4/21 4:00,7.1,5.906,4.162,0.1079,4.216,74.25,75.44
2023/4/21 8:00,7.11,5.873,4.252,0.1089,4.223,73.52,78.93
2023/4/21 12:00,7.23,6.219,4.041,0.1123,4.198,72.46,76.67
2023/4/21 16:00,7.19,6.552,3.969,0.1091,4.161,71.69,74.04
2023/4/21 20:00,7.21,6.543,3.907,0.1034,4.029,71.39,68.42
2023/4/22 0:00,7.23,6.351,3.644,0.1016,3.803,71.64,65.38
2023/4/22 4:00,7.2,6.184,3.646,0.1003,3.688,71.69,65.42
2023/4/22 8:00,7.18,6.179,3.83,0.0999,3.506,72.07,63.01
2023/4/22 12:00,7.3,6.447,3.725,0.0994,3.266,71.9,61.38
2023/4/22 16:00,7.15,6.738,3.657,0.0982,3.161,71.42,52.6
2023/4/22 20:00,7.23,6.839,3.653,0.097,3.092,70.72,50.16
2023/4/23 0:00,7.26,6.844,3.653,0.097,3.092,70.57,45.21
2023/4/23 4:00,7.26,6.567,3.923,0.1109,3.339,70.82,46.64
2023/4/23 8:00,7.27,6.738,3.921,0.1005,3.339,70.07,62.83
2023/4/23 12:00,7.23,6.792,3.788,0.102,3.194,70.78,49.84
2023/4/23 16:00,7.3,6.858,3.72,0.1015,3.079,71.69,53.4
2023/4/23 20:00,7.28,6.888,3.845,0.104,3.229,72.25,47.59
2023/4/24 4:00,7.26,6.888,3.697,0.1079,3.343,71.91,55.01
2023/4/24 8:00,7.24,6.894,3.775,0.1073,3.188,72.4,48.76
2023/4/24 12:00,7.31,7.046,3.562,0.101,3.188,73.2,51.73
2023/4/24 16:00,7.31,7.159,3.418,0.0979,2.877,73.66,47.35
2023/4/24 20:00,7.43,7.142,3.301,0.0931,2.819,73.64,38.83
2023/4/25 0:00,7.37,7.12,3.301,0.0931,2.819,73.38,38.42
2023/4/25 8:00,7.31,7.116,3.062,0.0919,2.762,73.87,38.83
2023/4/25 12:00,7.33,7.198,3.105,0.0927,2.622,74.29,35.84
2023/4/25 16:00,7.32,7.215,3.088,0.0914,2.725,74.34,37
2023/4/25 20:00,7.3,7.168,3.319,0.0918,2.662,74.34,38.99
2023/4/26 0:00,7.35,7.113,3.075,0.0935,2.764,74.31,39.76
2023/4/26 4:00,7.32,7.105,2.985,0.0913,2.764,74.06,37.05
2023/4/26 8:00,7.36,7.099,3.112,0.0908,2.601,74.33,38.46
2023/4/26 12:00,7.4,7.342,3.029,0.0921,2.689,74.79,36.03
2023/4/26 16:00,7.37,7.558,2.763,0.0871,2.466,73.75,37.9
2023/4/26 20:00,7.37,7.519,2.814,0.086,2.524,74.13,33.06
2023/4/27 0:00,7.45,7.373,2.634,0.0823,2.385,74.01,30.97
2023/4/27 4:00,7.41,7.189,3.208,0.0832,2.484,74.81,33.59
2023/4/27 8:00,7.33,7.228,2.656,0.0834,2.374,75.3,39.92
2023/4/27 12:00,7.38,7.505,2.671,0.0825,2.351,75.41,31.99
2023/4/27 16:00,7.43,7.637,2.549,0.0819,2.334,74.75,30.13
2023/4/27 20:00,7.4,7.5,2.502,0.0791,2.312,75.23,34.8
2023/4/28 0:00,7.32,7.361,2.528,0.0777,2.232,75.12,34.53
2023/4/28 4:00,7.46,7.279,2.486,0.0819,2.224,74.75,34.35
2023/4/28 8:00,7.33,7.31,2.336,0.0765,2.147,74.76,36.01
2023/4/28 12:00,7.47,7.477,2.481,0.0789,2.118,74.91,31.7
2023/4/28 16:00,7.45,7.532,2.456,0.0797,3.318,72.62,71.51
2023/4/28 20:00,7.35,7.464,2.273,0.0753,2.186,73.73,33.62
2023/4/29 0:00,7.37,7.335,2.273,0.0753,2.186,74.21,32.46
2023/4/29 4:00,7.42,7.271,2.63,0.0812,2.354,73.29,32.53
2023/4/29 8:00,7.4,7.091,3.334,0.0971,2.869,74.28,48.92
2023/4/29 12:00,7.27,6.702,4.079,0.1239,3.856,73.47,68.56
2023/4/29 16:00,7.13,6.562,4.456,0.1335,4.494,71.2,72.57
2023/4/29 20:00,7.11,6.598,4.26,0.1184,4.106,69.73,63.23
2023/4/30 0:00,7.22,6.685,3.98,0.1093,3.625,69.45,51.46
2023/4/30 4:00,7.14,6.795,3.433,0.0998,3.085,69.94,48.68
2023/4/30 8:00,7.24,6.886,3.378,0.0917,2.821,70.11,45.11
2023/4/30 12:00,7.23,7.252,3.202,0.0902,2.654,70.75,36.97
2023/4/30 16:00,7.35,7.456,3.034,0.0896,2.734,70.92,39.73
2023/4/30 20:00,7.33,7.403,3.067,0.0883,2.608,72.39,35.47
2023/5/1 0:00,7.29,7.085,3.067,0.0883,2.608,72.86,34.85
2023/5/1 4:00,7.32,6.841,2.958,0.0862,2.54,74.72,37.79
2023/5/1 8:00,7.35,6.749,3.014,0.0879,2.715,74.96,41.61
2023/5/1 12:00,7.38,7.178,2.953,0.0878,2.644,75.88,39.05
2023/5/1 16:00,7.46,7.408,2.952,0.0879,2.702,75.01,38.4
2023/5/1 20:00,7.42,7.317,2.964,0.083,2.59,75.09,37.52
2023/5/2 0:00,7.38,7.084,2.964,0.083,2.59,74.48,37.37
2023/5/2 4:00,7.3,6.816,2.85,0.0831,2.592,74.76,39.73
2023/5/2 8:00,7.34,7.064,2.969,0.0808,2.55,74.19,35.64
2023/5/2 12:00,7.47,7.61,2.942,0.0802,2.397,73.75,35.41
2023/5/2 16:00,7.55,7.883,3.151,0.079,2.395,73.98,32.79
2023/5/2 20:00,7.45,7.831,2.659,0.0757,2.265,73.84,30.72
2023/5/3 0:00,7.53,7.554,2.659,0.0757,2.265,73.93,28.9
2023/5/3 4:00,7.48,7.293,2.638,0.0726,2.189,74.16,29.03
2023/5/3 8:00,7.51,7.29,2.442,0.072,2.07,74.15,30.75
2023/5/3 12:00,7.46,7.757,2.849,0.075,2.101,74.07,31.71
2023/5/3 16:00,7.59,8.342,2.685,0.0691,1.999,73.15,25.73
2023/5/3 20:00,7.66,8.2,2.868,0.0683,1.979,73.39,26.17
2023/5/4 0:00,7.7,7.82,2.868,0.0683,1.979,73.51,32.46
2023/5/4 4:00,7.54,7.372,2.514,0.0675,1.951,74.23,26.34
2023/5/4 8:00,7.54,7.321,2.51,0.0677,1.93,75.17,26.63
2023/5/4 12:00,7.71,8.018,2.647,0.0712,1.97,74.4,28.2
2023/5/4 16:00,7.86,8.52,2.711,0.0673,1.93,73.8,28.41
2023/5/4 20:00,7.84,8.275,2.638,0.064,1.15,72.92,24.29
2023/5/5 0:00,7.74,7.795,2.638,0.064,1.15,72.88,25.48
2023/5/5 4:00,7.59,7.208,2.488,0.0655,1.815,73.48,26.56
2023/5/5 8:00,7.53,6.985,2.478,0.0699,1.842,72.8,29.45
2023/5/5 12:00,7.6,7.383,2.663,0.0709,1.749,71.74,28.44
2023/5/5 16:00,7.92,7.929,2.637,0.0689,1.801,71.23,27.56
2023/5/5 20:00,7.52,6.961,3.53,0.0967,3.408,71.32,69.97
2023/5/10 20:00,7.22,7.183,2.88,0.0876,3.266,63.76,57.48
2023/5/11 4:00,7.28,6.946,2.415,0.0798,2.929,64.29,53.72
2023/5/11 8:00,7.28,6.861,2.57,0.0821,2.929,64.24,57.64
2023/5/11 12:00,7.42,6.984,2.57,0.0807,3.008,63.93,51.84
2023/5/11 16:00,7.18,7.148,2.57,0.0805,2.863,63.81,41.61
2023/5/11 20:00,7.25,7.064,2.366,0.0824,2.947,65.05,41.82
2023/5/12 0:00,7.31,6.904,2.366,0.0824,2.947,65.63,44.31
2023/5/12 4:00,7.21,6.786,2.366,0.0775,2.947,65.73,40.66
2023/5/12 8:00,7.19,6.772,2.224,0.0784,2.822,65.78,45.63
2023/5/12 12:00,7.19,7.002,2.542,0.0828,2.821,65.3,47.2
2023/5/12 16:00,7.33,7.44,2.451,0.081,2.841,64.87,44.92
2023/5/12 20:00,7.29,7.484,1.93,0.0754,2.678,64.64,44.75
2023/5/13 0:00,7.3,7.232,1.93,0.0754,2.678,64.94,40.27
2023/5/13 4:00,7.28,6.953,2,0.0748,2.571,64.83,41.3
2023/5/13 8:00,7.24,6.954,2.095,0.0769,2.707,65.1,49.69
2023/5/13 12:00,7.32,7.433,2.184,0.0797,2.771,65.22,50.91
2023/5/13 16:00,7.32,7.638,2.592,0.0771,2.827,65.16,47.64
2023/5/13 20:00,7.4,7.508,2.082,0.0734,2.735,65.23,46.96
2023/5/14 0:00,7.36,7.247,2.082,0.0734,2.735,65.56,41.88
2023/5/14 4:00,7.32,6.976,2.582,0.0726,2.708,66.34,42.44
2023/5/14 8:00,7.3,6.993,2.582,0.072,2.708,65.95,46.63
2023/5/14 16:00,7.39,7.77,2.471,0.0705,2.675,65.38,44.81
2023/5/14 20:00,7.46,7.881,2.69,0.0697,2.64,65.19,43.29
2023/5/15 0:00,7.39,7.612,2.69,0.0697,2.64,66.49,38.98
2023/5/15 4:00,7.4,7.277,2.69,0.0697,2.64,66.68,38.46
2023/5/15 8:00,7.3,7.329,2.598,0.0698,2.478,66.1,44.54
2023/5/15 12:00,7.48,7.897,2.028,0.0706,2.502,66.11,40.1
2023/5/15 16:00,7.69,8.485,2.703,0.0686,2.41,65.15,38.79
2023/5/15 20:00,7.7,8.568,2.766,0.0676,2.404,65.28,37.93
2023/5/16 0:00,7.59,8.111,2.766,0.0676,2.404,65.76,33.92
2023/5/16 4:00,7.5,7.598,2.424,0.0606,2.23,65.44,35.4
2023/5/16 8:00,7.46,7.421,2.424,0.0642,2.23,66.22,38.33
2023/5/16 12:00,7.12,8.187,3.584,0.0675,2.302,65.46,38.02
2023/5/16 16:00,7.48,8.132,3.111,0.0641,2.238,64.7,35.62
2023/5/16 20:00,7.52,8.11,3.214,0.0716,2.984,63.56,65.76
2023/5/17 0:00,7.49,7.726,3.214,0.0716,2.984,64.23,36.25
2023/5/17 4:00,7.43,7.353,3.214,0.0716,2.984,64.56,38.98
2023/5/17 8:00,7.42,7.179,3.058,0.0683,2.251,64.64,40.88
2023/5/17 12:00,7.42,7.5,3.058,0.0732,2.251,64.33,40.21
2023/5/17 16:00,7.61,7.941,3.172,0.0701,2.366,63.55,39.31
2023/5/17 20:00,7.54,7.885,3.189,0.0701,2.202,64.75,37.94
2023/5/18 8:00,7.32,7.076,3.189,0.0627,2.038,65.92,33.45
2023/5/18 12:00,7.4,7.497,2.495,0.0649,2.053,66.31,31.33
2023/5/18 16:00,7.53,8.115,2.663,0.0618,2.083,66.65,31.12
2023/5/18 20:00,7.63,8.046,3.074,0.0634,2.145,66.36,33.48
2023/5/19 0:00,7.46,7.709,3.074,0.0634,2.145,66.5,32.63
2023/5/19 4:00,7.37,7.346,2.77,0.0602,2.149,67.45,32.88
2023/5/19 8:00,7.42,7.42,2.77,0.0598,2.149,66.74,30.72
2023/5/19 16:00,7.73,8.46,2.62,0.0582,1.99,66.18,30.09
2023/5/19 20:00,7.75,8.493,3.199,0.0605,1.975,65.89,33
2023/5/20 0:00,7.69,8.149,3.199,0.0605,1.975,65.57,30.28
2023/5/20 4:00,7.55,7.765,2.572,0.0589,1.963,66.02,39.07
2023/5/20 8:00,7.44,7.504,3.086,0.0602,1.988,65.72,32.2
2023/5/20 12:00,7.62,7.983,2.585,0.0624,1.944,65.13,31.62
2023/5/20 16:00,7.69,8.232,2.804,0.0588,1.822,64.11,30.75
2023/5/20 20:00,7.79,8.189,2.855,0.0582,1.747,64.35,29.08
2023/5/21 0:00,7.62,7.852,2.855,0.0582,1.747,64.72,25.5
2023/5/21 4:00,7.54,7.468,2.329,0.0541,1.772,65.4,28.03
2023/5/21 8:00,7.52,7.322,2.418,0.0575,1.827,64.92,30.51
2023/5/21 12:00,7.59,7.686,2.356,0.0559,1.809,65.43,30.88
2023/5/21 16:00,7.83,8.301,3.015,0.0598,1.809,65.61,29.17
2023/5/21 20:00,7.75,8.12,2.88,0.0589,2.385,66.21,65.79
2023/5/22 0:00,7.58,7.477,2.88,0.0589,2.385,67.76,32.56
2023/5/22 4:00,7.39,6.842,3.559,0.0748,2.776,71.26,47.67
2023/5/22 8:00,7.14,6.422,4.697,0.1121,4.564,72,90.49
2023/5/22 12:00,7.08,6.443,4.916,0.1168,4.564,73.2,83.69
2023/5/22 16:00,7.09,6.612,4.476,0.1188,4.719,75.88,77.94
2023/5/24 8:00,7.16,6.569,3.949,0.1198,4.68,67.99,88.42
2023/5/24 12:00,7.15,6.582,3.56,0.114,4.514,68.17,79.38
2023/5/24 16:00,7.14,6.489,3.524,0.1111,4.286,69.61,80.28
2023/5/24 20:00,7.1,6.475,3.482,0.1065,4.341,69.7,71.11
2023/5/25 0:00,7.1,6.262,3.275,0.1032,4.285,69.53,64.65
2023/5/25 4:00,7.14,6.219,3.229,0.1046,4.34,69.28,72.15
2023/5/25 8:00,7.12,6.317,3.229,0.1046,4.34,68.38,71.09
2023/5/25 12:00,7.16,6.429,3.587,0.105,4.355,67.04,74.29
2023/5/25 16:00,7.17,6.567,3.301,0.101,4.382,66.94,79.63
2023/5/25 20:00,7.14,6.579,3.275,0.097,4.106,65.98,69.49
2023/5/26 0:00,7.14,6.475,2.938,0.0936,3.894,66.5,65.24
2023/5/26 4:00,7.17,6.304,2.7,0.0905,3.677,67.04,57.16
2023/5/26 8:00,7.18,6.38,2.535,0.092,3.558,67.73,59.73
2023/5/26 12:00,7.24,6.763,2.665,0.0898,3.361,68.13,57.32
2023/5/26 16:00,7.31,7.138,2.665,0.0862,3.361,67.64,49.87
2023/5/26 20:00,7.44,7.303,2.498,0.0817,2.97,66.94,48.74
2023/5/27 0:00,7.38,7.151,2.299,0.0786,2.674,66.28,39.47
2023/5/27 4:00,7.3,6.932,2.238,0.0794,2.644,66.68,40.9
2023/5/27 8:00,7.33,7.008,2.357,0.0778,2.534,66.85,47.19
2023/5/27 12:00,7.45,7.557,2.025,0.0786,2.406,66.17,40.51
2023/5/27 16:00,7.52,7.974,2.161,0.0759,2.368,65.99,37.76
2023/5/27 20:00,7.6,7.961,2.083,0.071,2.218,66.2,33.9
2023/5/28 0:00,7.49,7.497,2.008,0.0662,2.07,66.59,30.25
2023/5/28 4:00,7.46,7.223,1.879,0.0692,2.072,67.49,30.52
2023/5/28 8:00,7.42,7.216,1.957,0.0685,2.066,67.79,31.69
2023/5/28 12:00,7.6,7.79,2.027,0.0698,2.079,67.29,31.49
2023/5/28 16:00,7.85,8.486,2.386,0.0695,2.07,66.92,33.41
2023/5/28 20:00,7.86,8.579,2.524,0.0694,2.119,66.22,35.3
2023/5/29 0:00,7.72,8.097,2.475,0.0673,2.012,67.05,33.68
2023/5/29 4:00,7.56,7.488,2.051,0.0666,1.999,66.81,31.58
2023/5/29 8:00,7.59,7.315,2.077,0.067,1.895,66.35,31.75
2023/5/29 12:00,7.9,8.098,2.546,0.0703,1.898,65.86,31.92
2023/5/29 16:00,8.34,9.018,2.732,0.0703,1.917,65.27,30.1
2023/5/29 20:00,8.43,9.37,2.53,0.0691,1.895,65.06,30.75
2023/5/30 0:00,8.15,8.705,2.441,0.0647,1.791,65.87,28.24
2023/5/30 4:00,7.82,7.61,2.201,0.0663,1.847,67.14,30.88
2023/5/30 8:00,7.71,7.17,2.258,0.0668,1.774,67.18,31.15
2023/5/30 12:00,8,7.827,2.527,0.0672,1.739,66.69,30.6
2023/5/30 16:00,8.52,8.937,2.632,0.0688,1.684,66.14,30.47
2023/5/30 20:00,8.6,8.825,2.632,0.0662,1.684,65.29,28.29
2023/5/31 8:00,7.82,6.414,2.406,0.0592,1.545,67.4,27.66
2023/5/31 12:00,7.97,6.771,2.648,0.0597,1.49,67.19,26.28
2023/5/31 16:00,8.28,7.644,2.91,0.057,0.814,66.02,23.9
2023/5/31 20:00,8.35,7.716,2.91,0.057,0.814,65.48,26.03
2023/6/1 0:00,8.18,7.151,2.837,0.0541,1.455,65.97,23.61
2023/6/1 4:00,7.87,6.382,2.592,0.0576,1.472,66.7,28.31
2023/6/1 8:00,7.66,6.001,2.456,0.053,0.841,67.22,25.65
2023/6/1 12:00,7.9,6.371,2.456,0.0536,0.841,67.26,25.07
2023/6/1 16:00,8.25,7.081,2.862,0.0567,1.439,66.78,25.74
2023/6/1 20:00,8.3,7.044,3.066,0.0601,1.45,67.06,27.97
2023/6/2 0:00,8.08,6.429,3.066,0.0601,1.45,66.63,21.49
2023/6/2 4:00,7.77,5.851,2.54,0.0506,0.796,67.92,20.02
2023/6/2 8:00,7.62,5.551,2.54,0.0506,0.796,69.97,21.49
2023/6/2 12:00,7.57,7.472,2.58,0.0497,0.856,69.49,19.11
2023/6/2 16:00,7.93,8.416,2.655,0.0506,0.882,69.27,19.87
2023/6/2 20:00,7.79,8.142,2.655,0.0691,0.882,69.78,27.69
2023/6/3 0:00,7.64,7.639,2.929,0.0691,1.655,71.7,20.79
2023/6/3 4:00,7.55,7.061,2.752,0.0533,0.854,74.04,22.14
2023/6/3 8:00,7.49,6.904,2.594,0.0535,0.859,74.03,23
2023/6/3 12:00,7.62,7.443,2.539,0.0533,0.839,69.66,21.97
2023/6/3 16:00,7.78,8,2.745,0.0537,0.861,69.38,19.58
2023/6/3 20:00,7.71,7.615,2.76,0.0559,0.815,69.25,23.12
2023/6/4 0:00,7.7,7.613,2.76,0.0559,0.815,68.69,24.84
2023/6/4 4:00,7.63,6.978,2.542,0.0512,0.804,68.36,21.7
